{
	"info": {
		"_postman_id": "b67f590b-6067-4e20-b437-0acd03072000",
		"name": "Authors",
		"schema": "https://schema.getpostman.com/json/collection/v2.1.0/collection.json",
		"_exporter_id": "32234547"
	},
	"item": [
		{
			"name": "Todos los autores",
			"request": {
				"method": "GET",
				"header": [],
				"url": {
					"raw": "{{authors}}api/Author",
					"host": [
						"{{authors}}api"
					],
					"path": [
						"Author"
					]
				}
			},
			"response": []
		},
		{
			"name": "Traer un autor",
			"request": {
				"method": "GET",
				"header": [],
				"url": {
					"raw": "{{authors}}api/Author/4",
					"host": [
						"{{authors}}api"
					],
					"path": [
						"Author",
						"4"
					]
				}
			},
			"response": []
		},
		{
			"name": "Eliminar Autor",
			"request": {
				"method": "DELETE",
				"header": [
					{
						"key": "Content-Type",
						"value": "application/json"
					}
				],
				"url": {
					"raw": "{{authors}}api/AuthorDelete/1",
					"host": [
						"{{authors}}api"
					],
					"path": [
						"AuthorDelete",
						"1"
					]
				}
			},
			"response": []
		},
		{
			"name": "Crear Autor",
			"request": {
				"method": "POST",
				"header": [
					{
						"key": "Content-Type",
						"value": "application/json"
					}
				],
				"body": {
					"mode": "raw",
					"raw": "{\n\"name\": \"Prueba crear \",\n\"lastName\": \"Giraldo\",\n\"email\": \"juan@gmail.com\",\n\"nationality\": \"Colombiano\"\n}",
					"options": {
						"raw": {
							"language": "json"
						}
					}
				},
				"url": {
					"raw": "{{authors}}api/AuthorCreate",
					"host": [
						"{{authors}}api"
					],
					"path": [
						"AuthorCreate"
					]
				}
			},
			"response": []
		},
		{
			"name": "Actualizar Autor",
			"request": {
				"method": "PUT",
				"header": [
					{
						"key": "Content-Type",
						"value": "application/json"
					}
				],
				"body": {
					"mode": "raw",
					"raw": "{\n\"id\": 4,\n\"name\": \"Juan Actualizado\",\n\"lastName\": \"Giraldodfsg\",\n\"email\": \"juan@gmail.comdsfg\",\n\"nationality\": \"Colombianosfdgsd\"\n}",
					"options": {
						"raw": {
							"language": "json"
						}
					}
				},
				"url": {
					"raw": "{{authors}}api/AuthorUpdate/4",
					"host": [
						"{{authors}}api"
					],
					"path": [
						"AuthorUpdate",
						"4"
					]
				}
			},
			"response": []
		},
		{
			"name": "Mostrar los eliminados",
			"request": {
				"method": "GET",
				"header": [],
				"url": {
					"raw": "{{authors}}api/AuthorDelete/deleted",
					"host": [
						"{{authors}}api"
					],
					"path": [
						"AuthorDelete",
						"deleted"
					]
				}
			},
			"response": []
		}
	]
}