{
	"info": {
		"_postman_id": "a2b9d21a-5124-41b6-9aab-ef44781cf357",
		"name": "Books",
		"schema": "https://schema.getpostman.com/json/collection/v2.1.0/collection.json",
		"_exporter_id": "32234547"
	},
	"item": [
		{
			"name": "Trae todos los libros",
			"request": {
				"method": "GET",
				"header": [],
				"url": {
					"raw": "{{books}}api/Book",
					"host": [
						"{{books}}api"
					],
					"path": [
						"Book"
					]
				}
			},
			"response": []
		},
		{
			"name": "Trae un libro",
			"request": {
				"method": "GET",
				"header": []
			},
			"response": []
		},
		{
			"name": "Crea un libro",
			"request": {
				"method": "POST",
				"header": [
					{
						"key": "Content-Type",
						"value": "application/json",
						"type": "text"
					}
				],
				"body": {
					"mode": "raw",
					"raw": "    {\n        \"title\": \"Libro1 Crear \",\n        \"pages\": 300,\n        \"language\": \"spanish\",\n        \"publicationDate\": \"2024-05-09T00:00:00\",\n        \"description\": \"Libro crecimiento\",\n        \"authorId\": 2,\n        \"authorName\": \"Juan 3333\",\n        \"editorialId\": 2,\n        \"editorialName\": \"Nombre editorial 222222\",\n        \"isDeleted\": false\n    }",
					"options": {
						"raw": {
							"language": "json"
						}
					}
				},
				"url": {
					"raw": "{{books}}api/BookCreate",
					"host": [
						"{{books}}api"
					],
					"path": [
						"BookCreate"
					]
				}
			},
			"response": []
		},
		{
			"name": "Eliminar Book",
			"request": {
				"method": "DELETE",
				"header": [
					{
						"key": "Content-Type",
						"value": "application/json",
						"type": "text"
					}
				],
				"url": {
					"raw": "{{books}}api/BookDelete/2",
					"host": [
						"{{books}}api"
					],
					"path": [
						"BookDelete",
						"2"
					]
				}
			},
			"response": []
		},
		{
			"name": "Mostrar libros Eliminados",
			"request": {
				"method": "GET",
				"header": [],
				"url": {
					"raw": "{{books}}api/BookDelete/deleted",
					"host": [
						"{{books}}api"
					],
					"path": [
						"BookDelete",
						"deleted"
					]
				}
			},
			"response": []
		}
	]
}