{
	"info": {
		"_postman_id": "5b94a7fa-1b91-4a70-bc0c-11ff10028525",
		"name": "Editorials",
		"schema": "https://schema.getpostman.com/json/collection/v2.1.0/collection.json",
		"_exporter_id": "32234547"
	},
	"item": [
		{
			"name": "Mostrar todas las editoriales",
			"request": {
				"method": "GET",
				"header": [],
				"url": {
					"raw": "{{editorials}}api/Editorial",
					"host": [
						"{{editorials}}api"
					],
					"path": [
						"Editorial"
					]
				}
			},
			"response": []
		},
		{
			"name": "Mostrar por editorial",
			"request": {
				"method": "GET",
				"header": [],
				"url": {
					"raw": "{{editorials}}api/Editorial/1",
					"host": [
						"{{editorials}}api"
					],
					"path": [
						"Editorial",
						"1"
					]
				}
			},
			"response": []
		},
		{
			"name": "Crear Editorial",
			"request": {
				"method": "POST",
				"header": [
					{
						"key": "Content-Type",
						"value": "application/json"
					}
				],
				"body": {
					"mode": "raw",
					"raw": "{\r\n\"name\": \"Nombre editorial 222222\",\r\n\"address\": \"Direccion editoral\",\r\n\"phone\": \"telefono\",\r\n\"email\": \"email@editorial.com\"\r\n}\r\n",
					"options": {
						"raw": {
							"language": "json"
						}
					}
				},
				"url": {
					"raw": "{{editorials}}api/EditorialCreate",
					"host": [
						"{{editorials}}api"
					],
					"path": [
						"EditorialCreate"
					]
				}
			},
			"response": []
		},
		{
			"name": "Actualizar Editorial",
			"request": {
				"method": "PUT",
				"header": [
					{
						"key": "Content-Type",
						"value": "application/json"
					}
				],
				"body": {
					"mode": "raw",
					"raw": "{\r\n\"id\": 1,\r\n\"name\": \"Actualizar editorial\",\r\n\"address\": \"Direccion editoral\",\r\n\"phone\": \"telefono\",\r\n\"email\": \"email@editorial.com\"\r\n}\r\n",
					"options": {
						"raw": {
							"language": "json"
						}
					}
				},
				"url": {
					"raw": "{{editorials}}api/EditorialUpdate/1",
					"host": [
						"{{editorials}}api"
					],
					"path": [
						"EditorialUpdate",
						"1"
					]
				}
			},
			"response": []
		},
		{
			"name": "Eliminar Cambio de estado",
			"request": {
				"method": "DELETE",
				"header": [],
				"url": {
					"raw": "{{editorials}}api/EditorialDelete/1",
					"host": [
						"{{editorials}}api"
					],
					"path": [
						"EditorialDelete",
						"1"
					]
				}
			},
			"response": []
		},
		{
			"name": "Mostrar Eliminados",
			"request": {
				"method": "GET",
				"header": [],
				"url": {
					"raw": "{{editorials}}api/EditorialDelete/deleted",
					"host": [
						"{{editorials}}api"
					],
					"path": [
						"EditorialDelete",
						"deleted"
					]
				}
			},
			"response": []
		}
	]
}